0.0, 480650.0
0.005, 474673.92572607374
0.01, 468700.6266764919
0.015, 462732.8742098452
0.02, 456773.4319621893
0.025, 450825.0520081811
0.030000000000000002, 444890.47104901914
0.035, 438972.40663598664
0.04, 433073.553438278
0.045, 427196.5795636545
0.049999999999999996, 421344.1229402936
0.05499999999999999, 415518.78776800697
0.05999999999999999, 409723.1410467742
0.06499999999999999, 403959.7091902952
0.06999999999999999, 398230.9747319879
0.075, 392539.3731305682
0.08, 386887.28968202684
0.085, 381277.0565444874
0.09000000000000001, -174.57023678574444
0.09500000000000001, -393.94647066910807
0.10000000000000002, -612.754894776744
0.10500000000000002, -830.9693847972989
0.11000000000000003, -1048.5640373185117
0.11500000000000003, -1265.5131790255166
0.12000000000000004, -1481.791375756344
0.12500000000000003, -1697.3734414105825
0.13000000000000003, -1912.2344467046662
0.13500000000000004, -2126.3497277695096
0.14000000000000004, -2339.694894585029
0.14500000000000005, -2552.24583924798
0.15000000000000005, -2763.978744066821
0.15500000000000005, -2974.8700894800363
0.16000000000000006, -3184.8966617941132
0.16500000000000006, -3394.0355607357146
0.17000000000000007, -3602.264206814836
0.17500000000000007, -3809.56034849562
0.18000000000000008, -4015.9020691691267
0.18500000000000008, -4221.267793927467
0.19000000000000009, -4425.636296132762
0.1950000000000001, -4628.986703780813
0.2000000000000001, -4831.298505653894
0.2050000000000001, -5032.551557261128
0.2100000000000001, -5232.726086563831
0.2150000000000001, -5431.802699482845
0.2200000000000001, -5629.762385185623
0.22500000000000012, -5826.586521151022
0.23000000000000012, -6022.256878010163
0.23500000000000013, -6216.755624160965
0.24000000000000013, -6410.065330155056
0.24500000000000013, -6602.1689728557485
0.2500000000000001, -6793.0499393660175
0.2550000000000001, -6982.6920307242135
0.2600000000000001, -7171.079465368829
0.2650000000000001, -7358.196882369455
0.27000000000000013, -7544.029344424651
0.27500000000000013, -7728.562340626244
0.28000000000000014, -7911.781788989241
0.28500000000000014, -8093.674038748871
0.29000000000000015, -8274.22587242253
0.29500000000000015, -8453.4245076397
0.30000000000000016, -8631.257598738657
0.30500000000000016, -8807.713238131159
0.31000000000000016, -8982.77995743641
0.31500000000000017, -9156.44672838386
0.3200000000000002, -9328.702963489177
0.3250000000000002, -9499.538516500474
0.3300000000000002, -9668.943682620591
0.3350000000000002, -9836.909198504123
0.3400000000000002, -10003.426242032294
0.3450000000000002, -10168.486431868385
0.3500000000000002, -10332.081826793288
0.3550000000000002, -10494.204924827534
0.3600000000000002, -10654.848662137969
0.3650000000000002, -10814.006411734592
0.3700000000000002, -10971.671981959636
0.3750000000000002, -11127.839614770854
0.3800000000000002, -11282.50398382263
0.38500000000000023, -11435.660192349018
0.39000000000000024, -11587.303770849365
0.39500000000000024, -11737.430674583102
0.40000000000000024, -11886.03728087423
0.40500000000000025, -12033.120386231196
0.41000000000000025, -12178.677203284382
0.41500000000000026, -12322.70535754672
0.42000000000000026, -12465.202883998347
0.42500000000000027, -12606.168223503515
0.43000000000000027, -12745.6002190588
0.4350000000000003, -12883.498111881641
0.4400000000000003, -13019.861537340039
0.4450000000000003, -13154.690520728522
0.4500000000000003, -13287.985472895734
0.4550000000000003, -13419.747185727078
0.4600000000000003, -13549.976827486933
0.4650000000000003, -13678.675938025563
0.4700000000000003, -13805.846423854613
0.4750000000000003, -13931.490553096224
0.4800000000000003, -14055.610950310234
0.4850000000000003, -14178.210591204963
0.4900000000000003, -14299.292797234424
0.49500000000000033, -14418.861230088954
0.5000000000000003, -14536.919886082991
0.5050000000000003, -14653.473090443727
0.5100000000000003, -14768.52549150833
0.5150000000000003, -14882.08205483107
0.5200000000000004, -14994.148057208387
0.5250000000000004, -15104.729080624107
0.5300000000000004, -15213.831006121467
0.5350000000000004, -15321.460007605901
0.5400000000000004, -15427.622545583776
0.5450000000000004, -15532.325360841365
0.5500000000000004, -15635.57546806919
0.5550000000000004, -15737.380149436925
0.5600000000000004, -15837.746948122807
0.5650000000000004, -15936.68366180182
0.5700000000000004, -16034.198336099782
0.5750000000000004, -16130.29925801452
0.5800000000000004, -16224.99494931104
0.5850000000000004, -16318.294159894944
0.5900000000000004, -16410.205861167786
0.5950000000000004, -16500.73923936878
0.6000000000000004, -16589.903688909257
0.6050000000000004, -16677.708805700328
0.6100000000000004, -16764.16438048249
0.6150000000000004, -16849.280392157558
0.6200000000000004, -16933.067001129566
0.6250000000000004, -17015.53454265713
0.6300000000000004, -17096.693520222725
0.6350000000000005, -17176.554598920953
0.6400000000000005, -17255.128598871284
0.6450000000000005, -17332.426488658133
0.6500000000000005, -17408.4593788024
0.6550000000000005, -17483.238515267723
0.6600000000000005, -17556.775273004732
0.6650000000000005, -17629.081149537364
0.6700000000000005, -17700.167758594434
0.6750000000000005, -17770.04682378958
0.6800000000000005, -17838.73017235145
0.6850000000000005, -17906.229728910657
0.6900000000000005, -17972.55750934201
0.6950000000000005, -18037.725614668256
0.7000000000000005, -18101.746225027182
0.7050000000000005, -18164.631593703776
0.7100000000000005, -18226.394041230957
0.7150000000000005, -18287.045949562078
0.7200000000000005, -18346.599756315038
0.7250000000000005, -18405.067949093995
0.7300000000000005, -18462.463059886857
0.7350000000000005, -18518.797659544292
0.7400000000000005, -18574.084352339625
0.7450000000000006, -18628.335770612608
0.7500000000000006, -18681.56456949923
0.7550000000000006, -18733.783421748107
0.7600000000000006, -18785.005012626683
0.7650000000000006, -18835.242034916686
0.7700000000000006, -18884.507184002217
0.7750000000000006, -18932.81315305063
0.7800000000000006, -18980.172628287877
0.7850000000000006, -19026.598284369
0.7900000000000006, -19072.102779845918
0.7950000000000006, -19116.698752731223
0.8000000000000006, -19160.398816161985
0.8050000000000006, -19203.215554161015
0.8100000000000006, -19245.16151749929
0.8150000000000006, -19286.24921965739
0.8200000000000006, -19326.49113288814
0.8250000000000006, -19365.899684381526
0.8300000000000006, -19404.487252528834
0.8350000000000006, -19442.26616329133
0.8400000000000006, -19479.24868666788
0.8450000000000006, -19515.447033267625
0.8500000000000006, -19550.873350981947
0.8550000000000006, -19585.539721760302
0.8600000000000007, -19619.458158486403
0.8650000000000007, -19652.640601957297
0.8700000000000007, -19685.098917962507
0.8750000000000007, -19716.844894464586
0.8800000000000007, -19747.89023888055
0.8850000000000007, -19778.24657546218
0.8900000000000007, -19807.92544277667
0.8950000000000007, -19836.938291285787
0.9000000000000007, -19865.296481023055
0.9050000000000007, -19893.011279367845
0.9100000000000007, -19920.09385891728
0.9150000000000007, -19946.555295451963
0.9200000000000007, -19972.40656599843
0.9250000000000007, -19997.658546983785
0.9300000000000007, -20022.322012484543
0.9350000000000007, -20046.40763256613
0.9400000000000007, -20069.925971713383
0.9450000000000007, -20092.887487351327
0.9500000000000007, -20115.302528453052
0.9550000000000007, -20137.181334235727
0.9600000000000007, -20158.534032942054
0.9650000000000007, -20179.370640706395
0.9700000000000008, -20199.701060504216
0.9750000000000008, -20219.535081183247
0.9800000000000008, -20238.882376575657
0.9850000000000008, -20257.75250468891
0.9900000000000008, -20276.15490697463
0.9950000000000008, -20294.098907673415
1.0000000000000007, -20311.593713234503
1.0050000000000006, -20328.648411809034
1.0100000000000005, -20345.27197281504
1.0150000000000003, -20361.473246571986
1.0200000000000002, -20377.260964004592
1.0250000000000001, -20392.643736414142
1.03, -20407.63005531455
1.035, -20422.228292332653
1.0399999999999998, -20436.446699171654
1.0449999999999997, -20450.293407634035
1.0499999999999996, -20463.77642970518
1.0549999999999995, -20476.90365769312
1.0599999999999994, -20489.682864426075
1.0649999999999993, -20502.121703502537
1.0699999999999992, -20514.22770959566
1.074999999999999, -20526.00829880799
1.079999999999999, -20537.470769076932
1.0849999999999989, -20548.62230062646
1.0899999999999987, -20559.469956467496
1.0949999999999986, -20570.020682941442
1.0999999999999985, -20580.281310308244
1.1049999999999984, -20590.258553375472
1.1099999999999983, -20599.959012168456
1.1149999999999982, -20609.389172638257
1.119999999999998, -20618.555407407744
1.124999999999998, -20627.463976552597
1.129999999999998, -20636.121028417594
1.1349999999999978, -20644.53260046441
1.1399999999999977, -20652.704620152035
1.1449999999999976, -20660.64290584565
1.1499999999999975, -20668.353167755722
1.1549999999999974, -20675.84100890236
1.1599999999999973, -20683.111926106943
1.1649999999999971, -20690.171311007063
1.169999999999997, -20697.024451094734
1.174999999999997, -20703.676530776465
1.1799999999999968, -20710.132632453908
1.1849999999999967, -20716.397737622996
1.1899999999999966, -20722.476727991547
1.1949999999999965, -20728.37438661321
1.1999999999999964, -20734.09539903702
1.2049999999999963, -20739.644354471544
1.2099999999999962, -20745.025746961128
1.214999999999996, -20750.24397657538
1.219999999999996, -20755.303350608818
1.2249999999999959, -20760.208084790876
1.2299999999999958, -20764.96230450365
1.2349999999999957, -20769.570046008754
1.2399999999999956, -20774.03525767991
1.2449999999999954, -20778.36180124194
1.2499999999999953, -20782.553453014152
1.2549999999999952, -20786.613905157774
1.2599999999999951, -20790.54676692623
1.264999999999995, -20794.355565918268
1.269999999999995, -20798.043749331224
1.2749999999999948, -20801.614685215918
1.2799999999999947, -20805.0716637298
1.2849999999999946, -20808.417898391137
1.2899999999999945, -20811.656527328832
1.2949999999999944, -20814.790614531623
1.2999999999999943, -20817.823151093144
1.3049999999999942, -20820.75705645317
1.309999999999994, -20823.595179634598
1.314999999999994, -20826.340300474472
1.3199999999999938, -20828.99513085039
1.3249999999999937, -20831.562315899424
1.3299999999999936, -20834.04443523108
1.3349999999999935, -20836.444004131743
1.3399999999999934, -20838.763474762072
1.3449999999999933, -20841.005237345864
1.3499999999999932, -20843.17162134977
1.354999999999993, -20845.264896653618
1.359999999999993, -20847.28727471111
1.3649999999999929, -20849.240909700908
1.3699999999999928, -20851.12789966655
1.3749999999999927, -20852.9502876453
1.3799999999999926, -20854.710062786933
1.3849999999999925, -20856.409161460248
1.3899999999999924, -20858.049468347243
1.3949999999999922, -20859.63281752684
1.3999999999999921, -20861.160993544585
1.404999999999992, -20862.63573247082
1.409999999999992, -20864.058722946018
1.4149999999999918, -20865.431607212497
1.4199999999999917, -20866.755982133833
1.4249999999999916, -20868.03340019995
1.4299999999999915, -20869.265370519825
1.4349999999999914, -20870.45335979984
1.4399999999999913, -20871.59879330834
1.4449999999999912, -20872.703055826754
1.449999999999991, -20873.7674925866
1.454999999999991, -20874.793410192127
1.4599999999999909, -20875.782077529355
1.4649999999999908, -20876.734726660925
1.4699999999999906, -20877.65255370595
1.4749999999999905, -20878.536719706794
1.4799999999999904, -20879.388351480997
1.4849999999999903, -20880.208542458615
1.4899999999999902, -20880.998353506115
1.4949999999999901, -20881.758813735403
1.49999999999999, -20882.49092129888
1.50499999999999, -20883.195644170293
1.5099999999999898, -20883.87392091142
1.5149999999999897, -20884.526661424763
1.5199999999999896, -20885.154747691926
1.5249999999999895, -20885.759034498897
1.5299999999999894, -20886.340350145783
1.5349999999999893, -20886.899497144776
1.5399999999999892, -20887.437252902902
1.544999999999989, -20887.95437039185
1.549999999999989, -20888.45157880409
1.5549999999999888, -20888.929584195634
1.5599999999999887, -20889.389070115772
1.5649999999999886, -20889.830698223333
1.5699999999999885, -20890.25510888958
1.5749999999999884, -20890.662921789524
1.5799999999999883, -20891.054736478796
1.5849999999999882, -20891.431132959413
1.589999999999988, -20891.792672231593
1.594999999999988, -20892.13989683493
1.5999999999999879, -20892.473331375855
1.6049999999999878, -20892.793483043835
1.6099999999999877, -20893.10084211571
1.6149999999999876, -20893.39588244822
1.6199999999999875, -20893.679061958956
1.6249999999999873, -20893.950823095947
1.6299999999999872, -20894.211593295786
1.6349999999999871, -20894.461785431522
1.639999999999987, -20894.701798248643
1.644999999999987, -20894.932016791132
1.6499999999999868, -20895.152812816297
1.6549999999999867, -20895.36454520015
1.6599999999999866, -20895.56756033181
1.6649999999999865, -20895.762192497972
1.6699999999999864, -20895.948764258304
1.6749999999999863, -20896.127586809707
1.6799999999999862, -20896.29896034296
1.684999999999986, -20896.46317438831
1.689999999999986, -20896.620508152886
1.6949999999999859, -20896.77123084905
1.6999999999999857, -20896.91560201364
1.7049999999999856, -20897.05387181874
1.7099999999999855, -20897.186281374055
1.7149999999999854, -20897.313063020796
1.7199999999999853, -20897.434440617915
1.7249999999999852, -20897.550629819838
1.729999999999985, -20897.66183834639
1.734999999999985, -20897.768266245715
1.739999999999985, -20897.870106149217
1.7449999999999848, -20897.96754351927
1.7499999999999847, -20898.06075689014
1.7549999999999846, -20898.149918101208
1.7599999999999845, -20898.23519252412
1.7649999999999844, -20898.316739283266
1.7699999999999843, -20898.394711468816
1.7749999999999841, -20898.469256344495
1.779999999999984, -20898.5405155486
1.784999999999984, -20898.608625288954
1.7899999999999838, -20898.673716532518
1.7949999999999837, -20898.7359151881
1.7999999999999836, -20898.79534228469
1.8049999999999835, -20898.852114143254
1.8099999999999834, -20898.906342543974
1.8149999999999833, -20898.958134888104
1.8199999999999832, -20899.007594354283
1.824999999999983, -20899.05482005002
1.829999999999983, -20899.099907159474
1.8349999999999829, -20899.14294708438
1.8399999999999828, -20899.18402758277
1.8449999999999827, -20899.22323290124
1.8499999999999825, -20899.260643904545
1.8549999999999824, -20899.296338199623
1.8599999999999823, -20899.33039025655
1.8649999999999822, -20899.36287152449
1.8699999999999821, -20899.393850545253
1.874999999999982, -20899.423393061435
1.879999999999982, -20899.451562121885
1.8849999999999818, -20899.4784181839
1.8899999999999817, -20899.50401921062
1.8949999999999816, -20899.52842076657
1.8999999999999815, -20899.551676109237
1.9049999999999814, -20899.57383627747
1.9099999999999813, -20899.59495017689
1.9149999999999812, -20899.61506466223
1.919999999999981, -20899.63422461753
1.924999999999981, -20899.65247303227
1.9299999999999808, -20899.669851075763
1.9349999999999807, -20899.686398168426
1.9399999999999806, -20899.70215205115
1.9449999999999805, -20899.717148851145
1.9499999999999804, -20899.731423146422
1.9549999999999803, -20899.745008027465
1.9599999999999802, -20899.757935156635
1.96499999999998, -20899.770234825657
1.96999999999998, -20899.781936010528
1.9749999999999799, -20899.793066425307
1.9799999999999798, -20899.80365257275
1.9849999999999797, -20899.81371979408
1.9899999999999796, -20899.823292316145
1.9949999999999795, -20899.8323932974
1.9999999999999793, -20899.841044871988
2.0049999999999795, -20899.849268191665
2.0099999999999794, -20899.85708346692
2.0149999999999793, -20899.86451000581
2.019999999999979, -20899.87156625234
2.024999999999979, -20899.87826982152
2.029999999999979, -20899.884637535455
2.034999999999979, -20899.89068545592
2.0399999999999787, -20899.89642891715
2.0449999999999786, -20899.901882556227
2.0499999999999785, -20899.907060343172
2.0549999999999784, -20899.91197560943
2.0599999999999783, -20899.91664107522
2.064999999999978, -20899.921068875756
2.069999999999978, -20899.925270586828
2.074999999999978, -20899.929257248536
2.079999999999978, -20899.933039389416
2.0849999999999778, -20899.93662704771
2.0899999999999777, -20899.940029793925
2.0949999999999775, -20899.94325675033
2.0999999999999774, -20899.946316611626
2.1049999999999773, -20899.94921766335
2.1099999999999772, -20899.951967800065
2.114999999999977, -20899.95457454294
2.119999999999977, -20899.95704505601
2.124999999999977, -20899.95938616283
2.129999999999977, -20899.961604361324
2.1349999999999767, -20899.963705838258
2.1399999999999766, -20899.965696483872
2.1449999999999765, -20899.967581904948
2.1499999999999764, -20899.96936743786
2.1549999999999763, -20899.971058160718
2.159999999999976, -20899.972658905583
2.164999999999976, -20899.974174269173
2.169999999999976, -20899.975608624376
2.174999999999976, -20899.97696612989
2.1799999999999757, -20899.978250740885
2.1849999999999756, -20899.979466217832
2.1899999999999755, -20899.980616135977
2.1949999999999754, -20899.981703893678
2.1999999999999753, -20899.98273272106
2.204999999999975, -20899.983705687624
2.209999999999975, -20899.98462571022
2.214999999999975, -20899.98549555969
2.219999999999975, -20899.986317868097
2.2249999999999748, -20899.987095135653
2.2299999999999747, -20899.98782973651
2.2349999999999746, -20899.98852392495
2.2399999999999745, -20899.989179841203
2.2449999999999743, -20899.98979951692
2.2499999999999742, -20899.990384880617
2.254999999999974, -20899.990937761984
2.259999999999974, -20899.991459897672
2.264999999999974, -20899.991952935125
2.269999999999974, -20899.992418436952
2.2749999999999737, -20899.992857885456
2.2799999999999736, -20899.99327268643
2.2849999999999735, -20899.99366417272
2.2899999999999734, -20899.994033608036
2.2949999999999733, -20899.99438219038
2.299999999999973, -20899.994711055268
2.304999999999973, -20899.995021278697
2.309999999999973, -20899.995313880358
2.314999999999973, -20899.995589826463
2.3199999999999728, -20899.99585003192
2.3249999999999726, -20899.996095363866
2.3299999999999725, -20899.99632664311
2.3349999999999724, -20899.99654464698
2.3399999999999723, -20899.996750111575
2.344999999999972, -20899.996943733677
2.349999999999972, -20899.997126172755
2.354999999999972, -20899.997298052884
2.359999999999972, -20899.99745996475
2.364999999999972, -20899.99761246732
2.3699999999999717, -20899.99775608903
2.3749999999999716, -20899.997891330153
2.3799999999999715, -20899.998018663413
2.3849999999999714, -20899.99813853621
2.3899999999999713, -20899.99825137126
2.394999999999971, -20899.99835756844
2.399999999999971, -20899.998457505546
2.404999999999971, -20899.998551539582
2.409999999999971, -20899.998640008303
2.4149999999999707, -20899.99872323034
2.4199999999999706, -20899.998801507092
2.4249999999999705, -20899.998875122976
2.4299999999999704, -20899.99894434684
2.4349999999999703, -20899.99900943245
2.43999999999997, -20899.999070619546
2.44499999999997, -20899.999128134332
2.44999999999997, -20899.99918219041
2.45499999999997, -20899.99923298916
2.4599999999999698, -20899.999280721135
2.4649999999999697, -20899.999325565488
2.4699999999999696, -20899.99936769175
2.4749999999999694, -20899.99940725972
2.4799999999999693, -20899.99944441991
2.4849999999999692, -20899.999479314654
2.489999999999969, -20899.9995120776
2.494999999999969, -20899.999542835394
2.499999999999969, -20899.999571706954
2.504999999999969, -20899.999598804436
2.5099999999999687, -20899.999624233926
2.5149999999999686, -20899.999648094745
2.5199999999999685, -20899.999670481102
2.5249999999999684, -20899.99969148127
2.5299999999999683, -20899.999711178763
2.534999999999968, -20899.999729651878
2.539999999999968, -20899.999746974627
2.544999999999968, -20899.999763216623
2.549999999999968, -20899.999778443216
2.5549999999999677, -20899.999792716295
2.5599999999999676, -20899.999806093605
2.5649999999999675, -20899.999818630145
2.5699999999999674, -20899.999830376884
2.5749999999999673, -20899.999841382534
2.579999999999967, -20899.999851692235
2.584999999999967, -20899.999861349
2.589999999999967, -20899.999870392978
2.594999999999967, -20899.99987886195
2.599999999999967, -20899.99988679144
2.6049999999999667, -20899.999894214947
2.6099999999999666, -20899.99990116384
2.6149999999999665, -20899.999907667694
2.6199999999999664, -20899.999913754196
2.6249999999999662, -20899.99991944936
2.629999999999966, -20899.999924777785
2.634999999999966, -20899.99992976239
2.639999999999966, -20899.999934424806
2.644999999999966, -20899.999938785222
2.6499999999999657, -20899.99994286277
2.6549999999999656, -20899.99994667527
2.6599999999999655, -20899.999950239588
2.6649999999999654, -20899.999953571292
2.6699999999999653, -20899.99995668535
2.674999999999965, -20899.99995959554
2.679999999999965, -20899.999962314818
2.684999999999965, -20899.999964855415
2.689999999999965, -20899.999967228738
2.6949999999999648, -20899.9999694456
2.6999999999999647, -20899.999971516092
2.7049999999999645, -20899.99997344949
2.7099999999999644, -20899.999975254694
2.7149999999999643, -20899.99997694003
2.7199999999999642, -20899.999978513217
2.724999999999964, -20899.999979981618
2.729999999999964, -20899.999981351888
2.734999999999964, -20899.999982630565
2.739999999999964, -20899.99998382358
2.7449999999999637, -20899.999984936407
2.7499999999999636, -20899.999985974504
2.7549999999999635, -20899.99998694263
2.7599999999999634, -20899.999987845527
2.7649999999999633, -20899.999988687247
2.769999999999963, -20899.999989472057
2.774999999999963, -20899.999990203643
2.779999999999963, -20899.99999088545
2.784999999999963, -20899.99999152093
2.7899999999999627, -20899.999992113044
2.7949999999999626, -20899.99999266476
2.7999999999999625, -20899.999993178702
2.8049999999999624, -20899.99999365736
2.8099999999999623, -20899.999994103226
2.814999999999962, -20899.999994518443
2.819999999999962, -20899.999994905025
2.824999999999962, -20899.99999526488
2.829999999999962, -20899.9999955999
2.8349999999999618, -20899.99999591176
2.8399999999999617, -20899.999996201994
2.8449999999999616, -20899.999996471914
2.8499999999999615, -20899.99999672318
2.8549999999999613, -20899.999996956987
2.8599999999999612, -20899.999997174396
2.864999999999961, -20899.9999973766
2.869999999999961, -20899.999997564544
2.874999999999961, -20899.99999773942
2.879999999999961, -20899.999997901945
2.8849999999999607, -20899.99999805306
2.8899999999999606, -20899.999998193485
2.8949999999999605, -20899.99999832405
2.8999999999999604, -20899.99999844523
2.9049999999999603, -20899.99999855797
2.90999999999996, -20899.99999866264
2.91499999999996, -20899.999998759817
2.91999999999996, -20899.999998850228
2.92499999999996, -20899.9999989341
2.9299999999999597, -20899.999999011918
2.9349999999999596, -20899.99999908415
2.9399999999999595, -20899.999999151274
2.9449999999999594, -20899.999999213644
2.9499999999999593, -20899.999999271382
2.954999999999959, -20899.999999325082
2.959999999999959, -20899.99999937486
2.964999999999959, -20899.999999420954
2.969999999999959, -20899.999999463842
2.974999999999959, -20899.999999503525
2.9799999999999587, -20899.999999540352
2.9849999999999586, -20899.999999574567
2.9899999999999585, -20899.99999960617
2.9949999999999584, -20899.999999635515
2.9999999999999583, -20899.99999966272
3.004999999999958, -20899.999999688025
3.009999999999958, -20899.99999971131
3.014999999999958, -20899.99999973305
3.019999999999958, -20899.99999975301
3.0249999999999577, -20899.999999771662
3.0299999999999576, -20899.999999788888
3.0349999999999575, -20899.999999804808
3.0399999999999574, -20899.999999819538
3.0449999999999573, -20899.999999833202
3.049999999999957, -20899.999999845793
3.054999999999957, -20899.999999857555
3.059999999999957, -20899.999999868367
3.064999999999957, -20899.999999878346
3.0699999999999568, -20899.999999887612
3.0749999999999567, -20899.999999896285
3.0799999999999566, -20899.999999904125
3.0849999999999564, -20899.99999991149
3.0899999999999563, -20899.999999918262
3.0949999999999562, -20899.99999992456
3.099999999999956, -20899.99999993038
3.104999999999956, -20899.999999935728
3.109999999999956, -20899.99999994072
3.114999999999956, -20899.99999994535
3.1199999999999557, -20899.99999994951
3.1249999999999556, -20899.99999995343
3.1299999999999555, -20899.999999957112
3.1349999999999554, -20899.999999960437
3.1399999999999553, -20899.99999996353
3.144999999999955, -20899.999999966378
3.149999999999955, -20899.999999968994
3.154999999999955, -20899.99999997137
3.159999999999955, -20899.999999973625
3.1649999999999547, -20899.999999975644
3.1699999999999546, -20899.999999977546
3.1749999999999545, -20899.99999997933
3.1799999999999544, -20899.99999998099
3.1849999999999543, -20899.999999982538
3.189999999999954, -20899.999999983844
3.194999999999954, -20899.99999998515
3.199999999999954, -20899.99999998634
3.204999999999954, -20899.999999987405
3.209999999999954, -20899.99999998836
3.2149999999999537, -20899.999999989308
3.2199999999999536, -20899.99999999014
3.2249999999999535, -20899.99999999097
3.2299999999999534, -20899.999999991684
3.2349999999999532, -20899.999999992397
3.239999999999953, -20899.99999999299
3.244999999999953, -20899.999999993586
3.249999999999953, -20899.99999999406
3.254999999999953, -20899.999999994536
3.2599999999999527, -20899.99999999501
3.2649999999999526, -20899.999999995365
3.2699999999999525, -20899.99999999572
3.2749999999999524, -20899.99999999608
3.2799999999999523, -20899.999999996435
3.284999999999952, -20899.999999996675
3.289999999999952, -20899.99999999703
3.294999999999952, -20899.999999997268
3.299999999999952, -20899.999999997388
3.3049999999999518, -20899.999999997624
3.3099999999999516, -20899.99999999786
3.3149999999999515, -20899.99999999798
3.3199999999999514, -20899.999999998217
3.3249999999999513, -20899.999999998337
3.329999999999951, -20899.999999998454
3.334999999999951, -20899.999999998574
3.339999999999951, -20899.999999998694
3.344999999999951, -20899.99999999881
3.349999999999951, -20899.99999999893
3.3549999999999507, -20899.99999999905
3.3599999999999506, -20899.99999999905
3.3649999999999505, -20899.999999999167
3.3699999999999504, -20899.999999999287
3.3749999999999503, -20899.999999999287
3.37999999999995, -20899.999999999407
3.38499999999995, -20899.999999999407
3.38999999999995, -20899.999999999407
3.39499999999995, -20899.999999999523
3.3999999999999497, -20899.999999999523
3.4049999999999496, -20899.999999999523
3.4099999999999495, -20899.999999999643
3.4149999999999494, -20899.999999999643
3.4199999999999493, -20899.999999999643
3.424999999999949, -20899.999999999764
3.429999999999949, -20899.999999999764
3.434999999999949, -20899.999999999764
3.439999999999949, -20899.999999999764
3.4449999999999488, -20899.999999999764
3.4499999999999487, -20899.999999999764
3.4549999999999486, -20899.99999999988
3.4599999999999485, -20899.99999999988
3.4649999999999483, -20899.99999999988
3.4699999999999482, -20899.99999999988
3.474999999999948, -20899.99999999988
3.479999999999948, -20899.99999999988
3.484999999999948, -20899.99999999988
3.489999999999948, -20899.99999999988
3.4949999999999477, -20899.99999999988
3.4999999999999476, -20899.99999999988
3.5049999999999475, -20899.99999999988
3.5099999999999474, -20899.99999999988
3.5149999999999473, -20900.0
3.519999999999947, -20900.0
3.524999999999947, -20900.0
3.529999999999947, -20900.0
3.534999999999947, -20900.0
3.5399999999999467, -20900.0
3.5449999999999466, -20900.0
3.5499999999999465, -20900.0
3.5549999999999464, -20900.0
3.5599999999999463, -20900.0
3.564999999999946, -20900.0
3.569999999999946, -20900.0
3.574999999999946, -20900.0
3.579999999999946, -20900.0
3.584999999999946, -20900.0
3.5899999999999457, -20900.0
3.5949999999999456, -20900.0
3.5999999999999455, -20900.0
3.6049999999999454, -20900.0
3.6099999999999453, -20900.0
3.614999999999945, -20900.0
3.619999999999945, -20900.0
3.624999999999945, -20900.0
3.629999999999945, -20900.0
3.6349999999999447, -20900.0
3.6399999999999446, -20900.0
3.6449999999999445, -20900.0
3.6499999999999444, -20900.0
3.6549999999999443, -20900.0
3.659999999999944, -20900.0
3.664999999999944, -20900.0
3.669999999999944, -20900.0
3.674999999999944, -20900.0
3.6799999999999438, -20900.0
3.6849999999999437, -20900.0
3.6899999999999435, -20900.0
3.6949999999999434, -20900.0
3.6999999999999433, -20900.0
3.7049999999999432, -20900.0
3.709999999999943, -20900.0
3.714999999999943, -20900.0
3.719999999999943, -20900.0
3.724999999999943, -20900.0
3.7299999999999427, -20900.0
3.7349999999999426, -20900.0
3.7399999999999425, -20900.0
3.7449999999999424, -20900.0
3.7499999999999423, -20900.0
3.754999999999942, -20900.0
3.759999999999942, -20900.0
3.764999999999942, -20900.0
3.769999999999942, -20900.0
3.7749999999999417, -20900.0
3.7799999999999416, -20900.0
3.7849999999999415, -20900.0
3.7899999999999414, -20900.0
3.7949999999999413, -20900.0
3.799999999999941, -20900.0
3.804999999999941, -20900.0
3.809999999999941, -20900.0
3.814999999999941, -20900.0
3.8199999999999408, -20900.0
3.8249999999999407, -20900.0
3.8299999999999406, -20900.0
3.8349999999999405, -20900.0
3.8399999999999403, -20900.0
3.8449999999999402, -20900.0
3.84999999999994, -20900.0
3.85499999999994, -20900.0
3.85999999999994, -20900.0
3.86499999999994, -20900.0
3.8699999999999397, -20900.0
3.8749999999999396, -20900.0
3.8799999999999395, -20900.0
3.8849999999999394, -20900.0
3.8899999999999393, -20900.0
3.894999999999939, -20900.0
3.899999999999939, -20900.0
3.904999999999939, -20900.0
3.909999999999939, -20900.0
3.9149999999999388, -20900.0
3.9199999999999386, -20900.0
3.9249999999999385, -20900.0
3.9299999999999384, -20900.0
3.9349999999999383, -20900.0
3.939999999999938, -20900.0
3.944999999999938, -20900.0
3.949999999999938, -20900.0
3.954999999999938, -20900.0
3.959999999999938, -20900.0
3.9649999999999377, -20900.0
3.9699999999999376, -20900.0
3.9749999999999375, -20900.0
3.9799999999999374, -20900.0
3.9849999999999373, -20900.0
3.989999999999937, -20900.0
3.994999999999937, -20900.0
3.999999999999937, -20900.0
